{"cameraMode":{"drawMode":0,"name":"Shaded","section":"Shading Mode"},"sceneLighting":false,"audioPlay":false,"sceneViewState":{"showFog":true,"showMaterialUpdate":false,"showSkybox":true,"showFlares":true,"showImageEffects":true,"showParticleSystems":true},"in2DMode":false,"pivot":{"x":7.396127700805664,"y":-2.4504685401916506,"z":-5.224177360534668},"rotation":{"x":-0.20191243290901185,"y":-0.6306487917900086,"z":0.17474716901779176,"w":-0.7286839485168457},"size":32.92115020751953,"orthographic":false}